column_name,role,description,dtype,unit_range,source,available_in,notes
row_id,identifier,익명화된 행 식별자 (TR_/TE_ + 일련번호). 원본 관측소·시각 정보를 포함하지 않는다.,string,-,파생(익명),TRAIN/TEST,제출 시 변경 금지
timestamp,identifier,"비식별화된 합성 시각. 실제 관측일시가 아니며, 동일 호우사상 내 시간 순서와 간격을 유지한다. 실제 연·월·일과 시(hour)는 보존되지 않는다.",string,YYYY-MM-DD HH:00 (합성 시각),파생(익명),TRAIN/TEST,실제 날짜·계절·시간대를 이용한 모델링은 의미가 없다.
station_id,identifier,비식별화된 수위관측소 식별자. Train 과 Test 에서 동일 관측소는 동일 ID 를 사용한다.,string,ST0001-ST0465,파생(익명),TRAIN/TEST,실제 WAMIS 관측소 코드가 아니다.
wl_t,feature,시각 t 실측 하천수위,float,m,WAMIS,TRAIN/TEST,관측소별 기준면(EL.m/수위표) 혼재 — station 간 절대비교 부적절
wl_t_minus_1h,feature,t−1h 수위,float,m,WAMIS,TRAIN/TEST,
wl_t_minus_3h,feature,t−3h 수위,float,m,WAMIS,TRAIN/TEST,
wl_t_minus_6h,feature,t−6h 수위,float,m,WAMIS,TRAIN/TEST,
wl_t_minus_12h,feature,t−12h 수위,float,m,WAMIS,TRAIN/TEST,
wl_t_minus_24h,feature,t−24h 수위,float,m,WAMIS,TRAIN/TEST,
imerg_rain_1h,feature,관측소 격자셀 IMERG 과거 1시간 누적강우 (t 시점까지),float,mm,RAIN-F (IMERG),TRAIN/TEST,미래 유입 없음
imerg_rain_6h,feature,동 6시간 누적,float,mm,RAIN-F (IMERG),TRAIN/TEST,
imerg_rain_24h,feature,동 24시간 누적,float,mm,RAIN-F (IMERG),TRAIN/TEST,
sfc_rain_1h,feature,지상기상(AWS/ASOS 격자) 과거 1시간 누적강수,float,공식 단위 미확인,RAIN-F (지상기상),TRAIN/TEST,공식 문서에 단위가 명시되어 있지 않아 임의 단위를 부여하지 않았다.
sfc_rain_6h,feature,동 6시간 누적,float,공식 단위 미확인,RAIN-F (지상기상),TRAIN/TEST,공식 문서에 단위가 명시되어 있지 않아 임의 단위를 부여하지 않았다.
sfc_rain_24h,feature,동 24시간 누적,float,공식 단위 미확인,RAIN-F (지상기상),TRAIN/TEST,공식 문서에 단위가 명시되어 있지 않아 임의 단위를 부여하지 않았다.
radar_reflectivity_mean,feature,수위관측소 격자셀의 레이더 반사도 평균. 강우량으로 변환된 값이 아니다.,float,공식 단위 미기재,RAIN-F (레이더),TRAIN/TEST,공식 단위가 미기재이므로 dBZ 로 표기하지 않는다.
radar_reflectivity_p95,feature,수위관측소 격자셀의 레이더 반사도 95 백분위. 강우량으로 변환된 값이 아니다.,float,공식 단위 미기재,RAIN-F (레이더),TRAIN/TEST,공식 단위가 미기재이므로 dBZ 로 표기하지 않는다.
radar_reflectivity_ge20_fraction,feature,반사도 20 이상 화소 비율. 단순 분포 요약값이며 위험·호우 등급 의미가 아니다.,float,0-1 비율,RAIN-F (레이더),TRAIN/TEST,단순 분포 요약값. 위험·호우 등급 의미 아님
cat_area,feature,소권역 집수면적 (SBSNCD 평균),float,㎢,DataON1112,TRAIN/TEST,시간 불변
wsarea,feature,상류 유역면적 (SBSNCD 평균),float,㎢,DataON1112,TRAIN/TEST,시간 불변
mean_elevation,feature,평균 표고,float,m,DataON1112,TRAIN/TEST,원자료 mean_ctdem 에 검증된 단위보정(÷100) 적용
mean_slope,feature,평균 경사 (mean_ctslp),float,각도,DataON1112,TRAIN/TEST,시간 불변
urban_ratio,feature,시가화 비율 (per_ct_urb),float,%,DataON1112,TRAIN/TEST,시간 불변
forest_ratio,feature,산림 비율 (per_ct_for),float,%,DataON1112,TRAIN/TEST,시간 불변
stream_order,feature,하천차수 (st_order). 소권역 평균값이라 비정수 값이 나올 수 있다.,float,하천차수 (비정수 가능) 무차원,DataON1112,TRAIN/TEST,소권역 평균값이라 비정수 가능.
target_maxrise_6h,target,"max(WL(t+1h), ..., WL(t+6h)) - WL(t). 향후 6시간 최대 하천수위 상승량.",float,m,WAMIS,TRAIN only,Train 에만 제공. 음수 값 가능.
